,card,score
123,130,3.0
187,195,2.9999999999999996
336,348,2.3333333333333353
30,35,2.2406912341244447
208,216,2.1010205144336433
350,362,2.0
340,352,2.0
113,120,2.0
344,356,2.0
111,118,2.0
205,213,2.0
346,358,2.0
104,111,2.0
97,104,2.0
353,365,2.0
94,101,2.0
357,369,2.0
209,217,2.0
363,375,2.0
171,179,2.0
80,87,2.0
79,86,2.0
337,349,2.0
203,211,2.0
366,378,2.0
122,129,2.0
307,319,2.0
290,302,2.0
288,300,2.0
148,155,2.0
145,152,2.0
321,333,2.0
138,145,2.0
135,142,2.0
323,335,2.0
324,336,2.0
195,203,2.0
326,338,2.0
129,136,2.0
197,205,2.0
274,285,2.0
126,133,2.0
251,261,2.0
76,82,2.0
365,377,2.0
73,79,2.0
233,243,2.0
46,52,2.0
41,47,2.0
384,396,2.0
224,233,2.0
25,29,2.0
228,238,2.0
238,248,2.0
51,57,2.0
16,20,2.0
12,16,2.0
405,417,2.0
245,255,2.0
6,9,2.0
5,8,2.0
47,53,2.0
296,308,2.0
270,280,2.0
61,67,2.0
72,78,2.0
66,72,2.0
64,70,2.0
218,227,2.0
212,220,2.0
373,385,2.0
68,74,2.0
227,236,1.8000000000000005
398,410,1.710102051443364
153,160,1.6978305207480389
268,278,1.679622758982959
23,27,1.6339745962155614
27,31,1.5999999999999999
260,270,1.5857864376269049
52,58,1.503626473306121
141,148,1.5
90,97,1.5
318,330,1.4999999999999996
91,98,1.4999999999999996
26,30,1.4641016151377544
369,381,1.4641016151377544
312,324,1.4632860515657853
368,380,1.4444444444444442
320,332,1.4142135623730954
349,361,1.40926985197606
295,307,1.3693980625181292
225,234,1.3660254037844386
380,392,1.3660254037844386
77,83,1.3660254037844386
319,331,1.3660254037844386
17,21,1.3489152603740189
45,51,1.3333333333333335
314,326,1.3333333333333335
243,253,1.3333333333333328
246,256,1.3021694792519616
291,303,1.289897948556636
175,183,1.2898979485566358
370,382,1.2857142857142856
395,407,1.0
374,386,1.0
269,279,1.0
375,387,1.0
381,393,1.0
265,275,1.0
386,398,1.0
392,404,1.0
393,405,1.0
298,310,1.0
263,273,1.0
358,370,1.0
400,412,1.0
259,269,1.0
401,413,1.0
256,266,1.0
254,264,1.0
403,415,1.0
411,424,1.0
399,411,1.0
355,367,1.0
297,309,1.0
345,357,1.0
302,314,1.0
304,316,1.0
306,318,1.0
294,306,1.0
310,322,1.0
289,301,1.0
311,323,1.0
287,299,1.0
281,292,1.0
315,327,1.0
277,288,1.0
275,286,1.0
325,337,1.0
330,342,1.0
334,346,1.0
335,347,1.0
272,282,1.0
2,5,1.0
186,194,1.0
242,252,1.0
241,251,1.0
74,80,1.0
85,92,1.0
86,93,1.0
87,94,1.0
88,95,1.0
92,99,1.0
100,107,1.0
101,108,1.0
102,109,1.0
106,113,1.0
108,115,1.0
112,119,1.0
116,123,1.0
118,125,1.0
119,126,1.0
121,128,1.0
127,134,1.0
70,76,1.0
69,75,1.0
67,73,1.0
24,28,1.0
7,10,1.0
10,14,1.0
14,18,1.0
18,22,1.0
19,23,1.0
20,24,1.0
22,26,1.0
28,32,1.0
59,65,1.0
29,33,1.0
31,36,1.0
39,45,1.0
43,49,1.0
50,56,1.0
54,60,1.0
57,63,1.0
128,135,1.0
130,137,1.0
132,139,1.0
198,206,1.0
179,187,1.0
180,188,1.0
183,191,1.0
185,193,1.0
3,6,1.0
188,196,1.0
191,199,1.0
204,212,1.0
176,184,1.0
210,218,1.0
214,222,1.0
221,230,1.0
223,232,1.0
231,241,1.0
235,245,1.0
236,246,1.0
178,186,1.0
173,181,1.0
133,140,1.0
152,159,1.0
134,141,1.0
139,146,1.0
144,151,1.0
147,154,1.0
149,156,1.0
150,157,1.0
151,158,1.0
154,162,1.0
172,180,1.0
155,163,1.0
159,167,1.0
162,170,1.0
163,171,1.0
165,173,1.0
168,176,1.0
170,178,1.0
413,426,1.0
0,2,
1,3,
4,7,
8,11,
9,12,
11,15,
13,17,
15,19,
21,25,
32,37,
33,39,
34,40,
35,41,
36,42,
37,43,
38,44,
40,46,
42,48,
44,50,
48,54,
49,55,
53,59,
55,61,
56,62,
58,64,
60,66,
62,68,
63,69,
65,71,
71,77,
75,81,
78,85,
81,88,
82,89,
83,90,
84,91,
89,96,
93,100,
95,102,
96,103,
98,105,
99,106,
103,110,
105,112,
107,114,
109,116,
110,117,
114,121,
115,122,
117,124,
120,127,
124,131,
125,132,
131,138,
136,143,
137,144,
140,147,
142,149,
143,150,
146,153,
156,164,
157,165,
158,166,
160,168,
161,169,
164,172,
166,174,
167,175,
169,177,
174,182,
177,185,
181,189,
182,190,
184,192,
189,197,
190,198,
192,200,
193,201,
194,202,
196,204,
199,207,
200,208,
201,209,
202,210,
206,214,
207,215,
211,219,
213,221,
215,223,
216,224,
217,225,
219,228,
220,229,
222,231,
226,235,
229,239,
230,240,
232,242,
234,244,
237,247,
239,249,
240,250,
244,254,
247,257,
248,258,
249,259,
250,260,
252,262,
253,263,
255,265,
257,267,
258,268,
261,271,
262,272,
264,274,
266,276,
267,277,
271,281,
273,284,
276,287,
278,289,
279,290,
280,291,
282,294,
283,295,
284,296,
285,297,
286,298,
292,304,
293,305,
299,311,
300,312,
301,313,
303,315,
305,317,
308,320,
309,321,
313,325,
316,328,
317,329,
322,334,
327,339,
328,340,
329,341,
331,343,
332,344,
333,345,
338,350,
339,351,
341,353,
342,354,
343,355,
347,359,
348,360,
351,363,
352,364,
354,366,
356,368,
359,371,
360,372,
361,373,
362,374,
364,376,
367,379,
371,383,
372,384,
376,388,
377,389,
378,390,
379,391,
382,394,
383,395,
385,397,
387,399,
388,400,
389,401,
390,402,
391,403,
394,406,
396,408,
397,409,
402,414,
404,416,
406,418,
407,419,
408,420,
409,421,
410,422,
412,425,
414,428,
